Team,Player,Pos,Status,Reported,ImpactMultiplier,AutoAdjEM_delta,Source,Note
Air Force,R. Dering,F,Questionable,"Thu, Mar 5",,-0.015,covers_raw:injuries_raw.txt,Undisclosed
Air Force,S. Imade,F,Questionable,"Thu, Feb 19",,-0.015,covers_raw:injuries_raw.txt,Undisclosed
Air Force,K. Frisch,F,Questionable,"Thu, Jan 22",,-0.015,covers_raw:injuries_raw.txt,Undisclosed
Alabama,K. Bristow,F,Questionable,"Mon, Jan 12",,-0.015,covers_raw:injuries_raw.txt,Undisclosed
Alabama,D. Hannah,G,Questionable,"Sun, Dec 28",,-0.015,covers_raw:injuries_raw.txt,Undisclosed
Alabama,C. Onyejiaka,C,Out,"Sun, Dec 28",,-0.08,covers_raw:injuries_raw.txt,Undisclosed
Appalachian St.,K. Vasser,G,Out,"Thu, Nov 6",,-0.08,covers_raw:injuries_raw.txt,Foot
Arizona,B. James,G,Out,"Mon, Feb 2",,0.0,covers_raw:injuries_raw.txt,Redshirt
Arizona St.,Q. McCoy,G,Questionable,"Mon, Jan 19",,-0.015,covers_raw:injuries_raw.txt,Undisclosed
Arizona St.,K. Polk,F,Questionable,"Mon, Jan 5",,-0.015,covers_raw:injuries_raw.txt,Undisclosed
Arizona St.,J. Icitovic,F,Out,"Mon, Jan 5",,-0.08,covers_raw:injuries_raw.txt,Undisclosed
Arizona St.,D. Salane,C,Out,"Mon, Jan 5",,-0.08,covers_raw:injuries_raw.txt,Undisclosed
Arizona St.,M. Adams Jr.,F,Questionable,"Mon, Jan 5",,-0.015,covers_raw:injuries_raw.txt,Leg
Arizona St.,A. Holiman,G,Out,"Mon, Nov 3",,-0.08,covers_raw:injuries_raw.txt,Elbow
Arizona St.,V. Wallace,G,Out,"Sat, Oct 25",,-0.08,covers_raw:injuries_raw.txt,Ankle
Arkansas,K. Knox,F,Questionable,"Mon, Feb 16",,-0.015,covers_raw:injuries_raw.txt,Undisclosed
Arkansas St.,C. Dioramma,F,Questionable,"Wed, Feb 18",,-0.015,covers_raw:injuries_raw.txt,Ankle
Auburn,E. Opurum,C,Out,"Fri, Dec 12",,-0.08,covers_raw:injuries_raw.txt,Undisclosed
Baylor,M. Perez,F,Out,"Tue, Dec 23",,-0.08,covers_raw:injuries_raw.txt,Knee
Baylor,M. Soyoye,C,Out,"Mon, Dec 1",,0.0,covers_raw:injuries_raw.txt,Redshirt
Baylor,J. White,G,Questionable,"Sun, Nov 23",,-0.015,covers_raw:injuries_raw.txt,Foot
Baylor,J. Bodo Bodo,C,Questionable,"Sun, Oct 12",,-0.015,covers_raw:injuries_raw.txt,Arm
Baylor,A. Iguodala II,G,Out,"Wed, Sep 17",,0.0,covers_raw:injuries_raw.txt,Redshirt
Belmont,N. McClain,G,Out,"Tue, Jan 6",,-0.08,covers_raw:injuries_raw.txt,Undisclosed
Bethune-Cookman,R. Ward Jr.,F,Out,"Wed, Dec 3",,-0.08,covers_raw:injuries_raw.txt,Undisclosed
Boise St.,J. Bowie,G,Out,"Wed, Dec 17",,-0.08,covers_raw:injuries_raw.txt,Personal
Boston College,D. Hand Jr.,G,Questionable,"Fri, Mar 6",,-0.015,covers_raw:injuries_raw.txt,Knee
Boston College,J. Asemota,F,Questionable,"Fri, Mar 6",,-0.015,covers_raw:injuries_raw.txt,Undisclosed
Boston College,N. Petronio,G,Questionable,"Fri, Jan 2",,-0.015,covers_raw:injuries_raw.txt,Undisclosed
Boston College,K. Alexander,G,Out,"Thu, Nov 6",,-0.08,covers_raw:injuries_raw.txt,Leg
Bradley,M. Zobrist,G,Questionable,"Thu, Mar 5",,-0.015,covers_raw:injuries_raw.txt,Undisclosed
Bradley,R. Saunders,G,Out,"Sat, Feb 14",,-0.08,covers_raw:injuries_raw.txt,Knee
Bradley,X. Staton,C,Questionable,"Mon, Jan 12",,-0.015,covers_raw:injuries_raw.txt,Undisclosed
Bradley,K. Perry,G,Out,"Thu, Jan 1",,0.0,covers_raw:injuries_raw.txt,Redshirt
Bradley,D. Baker,G,Out,"Sun, Nov 30",,-0.08,covers_raw:injuries_raw.txt,Knee
Bradley,N. Pickens,G,Out,"Fri, Nov 7",,-0.08,covers_raw:injuries_raw.txt,Undisclosed
Bradley,B. Kozlowski,F,Out,"Sun, Nov 2",,0.0,covers_raw:injuries_raw.txt,Redshirt
Buffalo,D. Freitag,G,Questionable,"Tue, Mar 3",,-0.015,covers_raw:injuries_raw.txt,Undisclosed
Butler,A. Robinson,G,Out,"Tue, Feb 3",,-0.08,covers_raw:injuries_raw.txt,Undisclosed
Butler,J. Jackson,G,Out,"Thu, Nov 27",,-0.08,covers_raw:injuries_raw.txt,Ankle
California,S. Marbury II,G,Out,"Fri, Feb 27",,-0.08,covers_raw:injuries_raw.txt,Undisclosed
California,J. Ruff,G,Out,"Sun, Dec 28",,-0.08,covers_raw:injuries_raw.txt,Undisclosed
California,R. Petraitis,F,Out,"Mon, Dec 8",,-0.08,covers_raw:injuries_raw.txt,Undisclosed
Campbell,D. Marcellinus,F,Out,"Tue, Dec 30",,-0.08,covers_raw:injuries_raw.txt,Undisclosed
Canisius,A. Benard,G,Out,"Wed, Jan 21",,-0.08,covers_raw:injuries_raw.txt,Shoulder
Central Arkansas,J. Foumena,C,Questionable,"Fri, Feb 27",,-0.015,covers_raw:injuries_raw.txt,Ankle
Central Arkansas,T. Jones,G,Out,"Thu, Jan 1",,-0.08,covers_raw:injuries_raw.txt,Undisclosed
Charleston,W. Mortimore,F,Questionable,"Mon, Dec 15",,-0.015,covers_raw:injuries_raw.txt,Concussion
Charleston,M. Dean,G,Out,"Sun, Nov 23",,-0.08,covers_raw:injuries_raw.txt,Knee
Charlotte,E. Butler,F,Questionable,"Sat, Mar 7",,-0.015,covers_raw:injuries_raw.txt,Undisclosed
Charlotte,M. Freeman,G,Questionable,"Tue, Mar 3",,-0.015,covers_raw:injuries_raw.txt,Undisclosed
Charlotte,F. Oguche,G,Questionable,"Fri, Jan 2",,-0.015,covers_raw:injuries_raw.txt,Undisclosed
Charlotte,D. Gomez,F,Questionable,"Fri, Jan 2",,-0.015,covers_raw:injuries_raw.txt,Undisclosed
Chattanooga,L. Vitters,G,Out,"Tue, Dec 16",,-0.08,covers_raw:injuries_raw.txt,Undisclosed
Chattanooga,S. Cusano,G,Out,"Fri, Dec 5",,-0.08,covers_raw:injuries_raw.txt,Knee
Cincinnati,J. Haynes,F,Questionable,"Mon, Oct 13",,-0.015,covers_raw:injuries_raw.txt,Lower Body
Clemson,Z. Foster,G,Out,"Mon, Dec 15",,-0.08,covers_raw:injuries_raw.txt,Knee
Buffalo,S. Rancik,F,Out,"Wed, Mar 4",,-0.08,covers_raw:injuries_raw.txt,Undisclosed
Buffalo,J. Mani,G,Out,"Tue, Nov 4",,0.0,covers_raw:injuries_raw.txt,Redshirt
Buffalo,L. Van Elswyk,C,Out,"Tue, Nov 4",,0.0,covers_raw:injuries_raw.txt,Redshirt
Colorado St.,N. Djapa,C,Questionable,"Fri, Mar 6",,-0.015,covers_raw:injuries_raw.txt,Undisclosed
Colorado St.,J. Mekonnen,F,Questionable,"Fri, Mar 6",,-0.015,covers_raw:injuries_raw.txt,Undisclosed
Colorado St.,J. Pascarelli,G,Questionable,"Fri, Feb 13",,-0.015,covers_raw:injuries_raw.txt,Foot
Connecticut,J. Stewart,F,Out,"Tue, Feb 24",,-0.08,covers_raw:injuries_raw.txt,Knee
Creighton,O. Freeman,F,Questionable,"Tue, Feb 24",,-0.015,covers_raw:injuries_raw.txt,Undisclosed
Creighton,L. McChesney,F,Questionable,"Fri, Dec 19",,-0.015,covers_raw:injuries_raw.txt,Undisclosed
Creighton,J. Townley-Thomas,F,Questionable,"Fri, Dec 19",,-0.015,covers_raw:injuries_raw.txt,Undisclosed
Creighton,A. Dimitrijevic,C,Questionable,"Fri, Dec 19",,-0.015,covers_raw:injuries_raw.txt,Undisclosed
Creighton,J. McAndrew,F,Out,"Thu, Nov 20",,-0.08,covers_raw:injuries_raw.txt,Foot
Davidson,J. Scovens,G,Questionable,"Fri, Mar 6",,-0.015,covers_raw:injuries_raw.txt,Undisclosed
Davidson,R. Blums,G,Questionable,"Tue, Mar 3",,-0.015,covers_raw:injuries_raw.txt,Undisclosed
Davidson,J. Hurlburt,F,Questionable,"Fri, Jan 2",,-0.015,covers_raw:injuries_raw.txt,Undisclosed
Dayton,E. Dickey,G,Questionable,"Sat, Feb 14",,-0.015,covers_raw:injuries_raw.txt,Undisclosed
Dayton,J. McKie,G,Out,"Sat, Oct 18",,-0.08,covers_raw:injuries_raw.txt,Shoulder
Delaware,T. Houser,F,Out,"Tue, Feb 24",,-0.08,covers_raw:injuries_raw.txt,Undisclosed
Delaware,B. Kebe,F,Questionable,"Fri, Feb 6",,-0.015,covers_raw:injuries_raw.txt,Undisclosed
Delaware,M. Ellison,G,Questionable,"Fri, Dec 5",,-0.015,covers_raw:injuries_raw.txt,Undisclosed
Delaware,J. Brown,G,Questionable,"Sat, Nov 22",,-0.015,covers_raw:injuries_raw.txt,Undisclosed
Delaware,C. Reilly,G,Questionable,"Thu, Nov 6",,-0.015,covers_raw:injuries_raw.txt,Undisclosed
Delaware,L. Piper,G,Questionable,"Sun, Nov 2",,-0.015,covers_raw:injuries_raw.txt,Undisclosed
DePaul,I. Milijasevic,G,Questionable,"Tue, Mar 3",,-0.015,covers_raw:injuries_raw.txt,Concussion
DePaul,I. Medina,F,Questionable,"Tue, Feb 10",,-0.015,covers_raw:injuries_raw.txt,Undisclosed
DePaul,J. Lorenz,F,Out,"Fri, Jan 2",,-0.08,covers_raw:injuries_raw.txt,Undisclosed
DePaul,A. Delalic,G,Out,"Sun, Jun 29",,-0.08,covers_raw:injuries_raw.txt,Knee
Drake,B. Appelhans,G,Questionable,"Sat, Feb 28",,-0.015,covers_raw:injuries_raw.txt,Undisclosed
Drake,W. Exacte,F,Out,"Sat, Jan 3",,-0.08,covers_raw:injuries_raw.txt,Foot
Duke,C. Foster,G,Out,"Mon, Mar 9",,-0.08,covers_raw:injuries_raw.txt,Foot
Duke,P. Ngongba II,C,Out,"Thu, Mar 5",,-0.08,covers_raw:injuries_raw.txt,Undisclosed
Duke,I. Ufochukwu,C,Out,"Mon, Dec 29",,-0.08,covers_raw:injuries_raw.txt,Undisclosed
Duke,S. Wilkins,G,Out,"Sun, Nov 9",,0.0,covers_raw:injuries_raw.txt,Redshirt
Duke,S. van Bussel,C,Questionable,"Fri, Mar 6",,-0.015,covers_raw:injuries_raw.txt,Undisclosed
East Carolina,E. DeLaurier,F,Questionable,"Sat, Mar 7",,-0.015,covers_raw:injuries_raw.txt,Undisclosed
East Carolina,T. Bailey,G,Questionable,"Tue, Jan 27",,-0.015,covers_raw:injuries_raw.txt,Undisclosed
East Carolina,G. Smith,F,Out,"Tue, Dec 30",,-0.08,covers_raw:injuries_raw.txt,Undisclosed
East Carolina,D. Quinn,G,Out,"Tue, Dec 30",,-0.08,covers_raw:injuries_raw.txt,Knee
East Carolina,J. Woodard,G,Out,"Wed, Dec 17",,-0.08,covers_raw:injuries_raw.txt,Ankle
East Carolina,T. LaBeaux,G,Out,"Wed, Nov 12",,-0.08,covers_raw:injuries_raw.txt,Lower Body
Eastern Michigan,A. Cook,G,Out,"Sun, Nov 2",,-0.08,covers_raw:injuries_raw.txt,Ankle
FIU,A. Nimmers,G,Out,"Wed, Feb 11",,-0.08,covers_raw:injuries_raw.txt,Undisclosed
FIU,M. Kelvin II,F,Out,"Thu, Jan 1",,-0.08,covers_raw:injuries_raw.txt,Undisclosed
FIU,G. Gicevicius,F,Out,"Thu, Jan 1",,-0.08,covers_raw:injuries_raw.txt,Undisclosed
FIU,J. Santos,F,Out,"Thu, Jan 1",,-0.08,covers_raw:injuries_raw.txt,Undisclosed
Florida Atlantic,D. Vanterpool,G,Questionable,"Tue, Feb 17",,-0.015,covers_raw:injuries_raw.txt,Undisclosed
Florida Atlantic,Z. Sampaio,G,Out,"Tue, Dec 30",,-0.08,covers_raw:injuries_raw.txt,Undisclosed
Florida St.,K. MaGee,G,Probable,"Mon, Mar 9",,0.0,covers_raw:injuries_raw.txt,Undisclosed
Florida St.,A. Swinton,F,Out,"Tue, Mar 3",,-0.08,covers_raw:injuries_raw.txt,Knee
Florida St.,X. Osceola,G,Out,"Sun, Dec 28",,-0.08,covers_raw:injuries_raw.txt,Undisclosed
Fordham,J. Whitbourn,C,Questionable,"Fri, Feb 6",,-0.015,covers_raw:injuries_raw.txt,Back
Fordham,R. Pettis,G,Questionable,"Sun, Dec 14",,-0.015,covers_raw:injuries_raw.txt,Concussion
Fresno St.,J. Mani,F,Questionable,"Thu, Mar 5",,-0.015,covers_raw:injuries_raw.txt,Undisclosed
Fresno St.,Z. Collins,G,Questionable,"Mon, Feb 23",,-0.015,covers_raw:injuries_raw.txt,Undisclosed
Fresno St.,D. Stickman,G,Out,"Mon, Feb 16",,-0.08,covers_raw:injuries_raw.txt,Leg
Fresno St.,D. Douglas Jr.,G,Out,"Thu, Feb 12",,-0.08,covers_raw:injuries_raw.txt,Undisclosed
Fresno St.,T. Jenkins,G,Questionable,"Thu, Jan 22",,-0.015,covers_raw:injuries_raw.txt,Undisclosed
Fresno St.,N. Zulemie,G,Out,"Thu, Dec 18",,-0.08,covers_raw:injuries_raw.txt,Knee
George Mason,F. Hill,G,Questionable,"Sat, Feb 28",,-0.015,covers_raw:injuries_raw.txt,Ankle
George Mason,B. O'Connor,G,Out,"Sat, Nov 8",,-0.08,covers_raw:injuries_raw.txt,Foot
Georgetown,K. Lewis,G,Out,"Mon, Feb 23",,-0.08,covers_raw:injuries_raw.txt,Ankle
Georgetown,G. Landeira,G,Questionable,"Tue, Feb 17",,-0.015,covers_raw:injuries_raw.txt,Undisclosed
Georgetown,D. Harris-Smith,G,Questionable,"Wed, Dec 3",,-0.015,covers_raw:injuries_raw.txt,Personal
Georgia St.,C. Peters,F,Questionable,"Thu, Nov 13",,-0.015,covers_raw:injuries_raw.txt,Personal
Georgia Tech,M. Sylla,C,Questionable,"Sun, Jan 25",,-0.015,covers_raw:injuries_raw.txt,Undisclosed
Georgia Tech,D. Thompson,G,Questionable,"Mon, Dec 29",,-0.015,covers_raw:injuries_raw.txt,Undisclosed
Gonzaga,B. Huff,F,Out,"Wed, Jan 14",,-0.08,covers_raw:injuries_raw.txt,Knee
Grand Canyon,W. Breidenbach,F,Questionable,"Sun, Mar 1",,-0.015,covers_raw:injuries_raw.txt,Undisclosed
Green Bay,T. Bevins,G,Questionable,"Mon, Jan 5",,-0.015,covers_raw:injuries_raw.txt,Undisclosed
Green Bay,J. Rougier-Roane,G,Questionable,"Fri, Jan 2",,-0.015,covers_raw:injuries_raw.txt,Undisclosed
Hawaii,A. Hunkin-Claytor,G,Out,"Fri, Feb 6",,-0.08,covers_raw:injuries_raw.txt,Toe
Hawaii,T. Cuff,G,Out,"Mon, Nov 17",,-0.08,covers_raw:injuries_raw.txt,Knee
Houston,K. Jefferson,G,Out,"Fri, Jan 2",,-0.08,covers_raw:injuries_raw.txt,Knee
Houston,B. Jackson,G,Out,"Mon, Dec 8",,0.0,covers_raw:injuries_raw.txt,Redshirt
Illinois,J. Jakstys,C,Out,"Tue, Feb 17",,-0.08,covers_raw:injuries_raw.txt,Undisclosed
Illinois,T. Rodgers,G,Questionable,"Sun, Oct 12",,-0.015,covers_raw:injuries_raw.txt,Knee
Indiana,J. Drake,G,Questionable,"Tue, Nov 4",,-0.015,covers_raw:injuries_raw.txt,Undisclosed
Indiana,J. Rayford,G,Out,"Tue, Nov 4",,-0.08,covers_raw:injuries_raw.txt,Undisclosed
Indiana,J. Harris,F,Questionable,"Tue, Nov 4",,-0.015,covers_raw:injuries_raw.txt,Undisclosed
Indiana St.,J. Walker,G,Questionable,"Wed, Feb 11",,-0.015,covers_raw:injuries_raw.txt,Undisclosed
Indiana St.,Z. Greene,G,Questionable,"Sat, Jan 3",,-0.015,covers_raw:injuries_raw.txt,Undisclosed
Iona,K. Williams,G,Out,"Thu, Jan 8",,-0.08,covers_raw:injuries_raw.txt,Knee
Iowa,P. McCollum,G,Out,"Sat, Jan 10",,-0.08,covers_raw:injuries_raw.txt,Foot
Iowa St.,X. Mitchell,F,Questionable,"Mon, Jan 5",,-0.015,covers_raw:injuries_raw.txt,Undisclosed
Iowa St.,M. Williams,G,Out,"Thu, Jun 19",,-0.08,covers_raw:injuries_raw.txt,Hip
Jackson St.,K. Hunt,G,Out,"Sun, Jan 25",,-0.08,covers_raw:injuries_raw.txt,Undisclosed
Jacksonville St.,B. Vungo,G,Questionable,"Thu, Jan 22",,-0.015,covers_raw:injuries_raw.txt,Undisclosed
Jacksonville St.,J. Vick,G,Questionable,"Thu, Jan 22",,-0.015,covers_raw:injuries_raw.txt,Undisclosed
Kansas St.,D. Buca,C,Questionable,"Sun, Mar 8",,-0.015,covers_raw:injuries_raw.txt,Undisclosed
Kansas St.,A. Bashir Jr.,G,Questionable,"Sun, Jan 18",,-0.015,covers_raw:injuries_raw.txt,Foot
Kansas St.,M. Ikegwuruka,G,Questionable,"Thu, Jan 8",,-0.015,covers_raw:injuries_raw.txt,Undisclosed
Kennesaw St.,D. Washington III,G,Questionable,"Wed, Mar 4",,-0.015,covers_raw:injuries_raw.txt,Undisclosed
Kennesaw St.,B. Tousignaut,G,Out,"Fri, Jan 16",,-0.08,covers_raw:injuries_raw.txt,Undisclosed
Kennesaw St.,C. Clemmons,G,Out,"Tue, Dec 16",,-0.08,covers_raw:injuries_raw.txt,Undisclosed
Kennesaw St.,D. Cosby Jr.,G,Out,"Sat, Jul 12",,-0.08,covers_raw:injuries_raw.txt,Undisclosed
Kentucky,B. Garrison,F,Probable,"Mon, Mar 9",,0.0,covers_raw:injuries_raw.txt,Undisclosed
Kentucky,B. Hawthorne,F,Out,"Sun, Jan 25",,0.0,covers_raw:injuries_raw.txt,Redshirt
Kentucky,K. Williams,G,Probable,"Tue, Jan 20",,0.0,covers_raw:injuries_raw.txt,Foot
Kentucky,J. Lowe,G,Out,"Mon, Jan 12",,-0.08,covers_raw:injuries_raw.txt,Undisclosed
Kentucky,J. Quaintance,F,Out,"Thu, Jan 8",,-0.08,covers_raw:injuries_raw.txt,Knee
La Salle,J. Harris,F,Questionable,"Wed, Mar 4",,-0.015,covers_raw:injuries_raw.txt,Foot
La Salle,J. Brewer Jr.,F,Out,"Sat, Feb 21",,-0.08,covers_raw:injuries_raw.txt,Lower Leg
La Salle,J. Marshall,G,Questionable,"Fri, Feb 20",,-0.015,covers_raw:injuries_raw.txt,Undisclosed
La Salle,B. Beatty,F,Out,"Tue, Jan 13",,-0.08,covers_raw:injuries_raw.txt,Undisclosed
La Salle,J. Archer,F,Out,"Tue, Dec 30",,-0.08,covers_raw:injuries_raw.txt,Shoulder
La Salle,N. Collier,F,Out,"Tue, Dec 30",,-0.08,covers_raw:injuries_raw.txt,Undisclosed
La Salle,J. Grullon,G,Questionable,"Tue, Dec 30",,-0.015,covers_raw:injuries_raw.txt,Undisclosed
Liberty,I. Ihnen,F,Out,"Sun, Oct 12",,-0.08,covers_raw:injuries_raw.txt,Knee
Louisiana,R. Miller III,F,Out,"Mon, Mar 9",,-0.08,covers_raw:injuries_raw.txt,Undisclosed
Louisiana,D. Thomas Jr.,G,Out,"Thu, Jan 29",,-0.08,covers_raw:injuries_raw.txt,Foot
Louisiana,J. Reed,F,Out,"Sat, Nov 29",,-0.16,covers_raw:injuries_raw.txt,Achilles
Louisiana Tech,A. Williams,F,Out,"Thu, Jan 22",,-0.08,covers_raw:injuries_raw.txt,Undisclosed
Louisville,M. Brown Jr.,G,Out,"Thu, Feb 26",,-0.08,covers_raw:injuries_raw.txt,Back
Loyola Marymount,C. Reese,G,Questionable,"Fri, Mar 6",,-0.015,covers_raw:injuries_raw.txt,Undisclosed
Loyola Marymount,J. Moore,G,Questionable,"Fri, Feb 20",,-0.015,covers_raw:injuries_raw.txt,Undisclosed
Loyola Marymount,K. Houinsou,G,Questionable,"Thu, Jan 29",,-0.015,covers_raw:injuries_raw.txt,Undisclosed
Loyola Marymount,D. Harris,G,Questionable,"Mon, Jan 12",,-0.015,covers_raw:injuries_raw.txt,Undisclosed
Loyola Marymount,C. Love III,G,Questionable,"Tue, Dec 30",,-0.015,covers_raw:injuries_raw.txt,Undisclosed
Marist,J. Schofield,C,Questionable,"Sat, Feb 28",,-0.015,covers_raw:injuries_raw.txt,Undisclosed
Marist,E. Lewis,G,Out,"Wed, Feb 11",,-0.08,covers_raw:injuries_raw.txt,Undisclosed
Marquette,S. Jones,G,Out,"Sat, Jan 3",,-0.08,covers_raw:injuries_raw.txt,Foot
Marquette,N. Walker,G,Out,"Mon, Dec 29",,0.0,covers_raw:injuries_raw.txt,Redshirt
Marquette,I. Miletic,F,Out,"Wed, Oct 22",,0.0,covers_raw:injuries_raw.txt,Redshirt
Marquette,S. Pearson,F,Out,"Sun, Jul 27",,0.0,covers_raw:injuries_raw.txt,Redshirt
Maryland,L. Sotell,G,Questionable,"Sat, Mar 7",,-0.015,covers_raw:injuries_raw.txt,Undisclosed
Maryland,M. Rice,G,Questionable,"Wed, Feb 4",,-0.015,covers_raw:injuries_raw.txt,Undisclosed
Maryland,P. Payne,F,Questionable,"Sat, Dec 13",,-0.015,covers_raw:injuries_raw.txt,Leg
Maryland,R. Passmore,G,Out,"Mon, Sep 29",,-0.16,covers_raw:injuries_raw.txt,Achilles
Memphis,J. Thedford,G,Questionable,"Sat, Mar 7",,-0.015,covers_raw:injuries_raw.txt,Calf
Memphis,A. Hardaway,F,Questionable,"Wed, Feb 25",,-0.015,covers_raw:injuries_raw.txt,Undisclosed
Miami OH,E. Ipsaro,G,Out,"Sun, Dec 21",,-0.08,covers_raw:injuries_raw.txt,Knee
Miami OH,T. Malovec,F,Questionable,"Tue, Mar 3",,-0.015,covers_raw:injuries_raw.txt,Undisclosed
Miami OH,T. Maddox,F,Questionable,"Sun, Dec 28",,-0.015,covers_raw:injuries_raw.txt,Undisclosed
Miami OH,M. Allen,G,Out,"Mon, Dec 1",,-0.08,covers_raw:injuries_raw.txt,Illness
Michigan,L. Cason,G,Out,"Fri, Feb 27",,-0.08,covers_raw:injuries_raw.txt,Knee
Michigan,W. Grady,G,Questionable,"Thu, Jan 22",,-0.015,covers_raw:injuries_raw.txt,Undisclosed
Michigan,R. Liburd,G,Out,"Tue, Jul 8",,0.0,covers_raw:injuries_raw.txt,Redshirt
Michigan St.,D. Ugochukwu,G,Out,"Wed, Feb 4",,-0.08,covers_raw:injuries_raw.txt,Foot
Michigan St.,K. Glenn,F,Out,"Tue, Jun 17",,-0.08,covers_raw:injuries_raw.txt,Knee
Michigan St.,B. Oloumou,C,Questionable,"Wed, Feb 11",,-0.015,covers_raw:injuries_raw.txt,Undisclosed
Michigan St.,C. Ambrose,G,Questionable,"Thu, Jan 22",,-0.015,covers_raw:injuries_raw.txt,Undisclosed
Michigan St.,J. Howard,G,Questionable,"Thu, Jan 22",,-0.015,covers_raw:injuries_raw.txt,Undisclosed
Michigan St.,S. Wykle,G,Questionable,"Thu, Jan 22",,-0.015,covers_raw:injuries_raw.txt,Undisclosed
Minnesota,J. Crocker-Johnson,F,Out,"Fri, Feb 13",,-0.08,covers_raw:injuries_raw.txt,Foot
Minnesota,N. Turner,F,Questionable,"Tue, Jan 27",,-0.015,covers_raw:injuries_raw.txt,Undisclosed
Minnesota,M. Lorenson,G,Out,"Tue, Dec 9",,0.0,covers_raw:injuries_raw.txt,Redshirt
Minnesota,C. Willis Jr.,G,Out,"Thu, Nov 27",,-0.08,covers_raw:injuries_raw.txt,Foot
Minnesota,R. Vaihola,F,Out,"Fri, Nov 21",,-0.08,covers_raw:injuries_raw.txt,Undisclosed
Minnesota,B. Omot,F,Out,"Sun, Nov 2",,-0.08,covers_raw:injuries_raw.txt,Leg
Minnesota,C. Stephens,G,Questionable,"Tue, Oct 14",,-0.015,covers_raw:injuries_raw.txt,Illness
Mississippi,K. Johnson,G,Out,"Fri, Mar 6",,-0.08,covers_raw:injuries_raw.txt,Undisclosed
Missouri,A. Boateng,G,Out,"Fri, Jan 30",,-0.08,covers_raw:injuries_raw.txt,Leg
Missouri,J. Porter,F,Questionable,"Sun, Dec 21",,-0.015,covers_raw:injuries_raw.txt,Lower Leg
Missouri St.,A. Burnett,G,Questionable,"Mon, Mar 9",,-0.015,covers_raw:injuries_raw.txt,Undisclosed
Missouri St.,A. Kuljuhovic,G,Questionable,"Wed, Feb 11",,-0.015,covers_raw:injuries_raw.txt,Undisclosed
Mount St. Mary's,J. Hartman,G,Out,"Fri, Nov 28",,-0.08,covers_raw:injuries_raw.txt,Undisclosed
Mount St. Mary's,J. May,G,Out,"Fri, Nov 28",,-0.08,covers_raw:injuries_raw.txt,Undisclosed
Mount St. Mary's,S. Jones Jr.,G,Questionable,"Mon, Mar 9",,-0.015,covers_raw:injuries_raw.txt,Undisclosed
Mount St. Mary's,K. Grace,G,Out,"Mon, Mar 9",,-0.08,covers_raw:injuries_raw.txt,Undisclosed
N.C. St.,J. Deng,F,Out,"Sun, Jan 25",,0.0,covers_raw:injuries_raw.txt,Redshirt
N.C. St.,C. Langdon,F,Out,"Sun, Jan 25",,-0.08,covers_raw:injuries_raw.txt,Undisclosed
Nebraska,U. Jarusevicius,F,Questionable,"Fri, Jan 9",,-0.015,covers_raw:injuries_raw.txt,Undisclosed
Nebraska,C. Essegian,G,Out,"Fri, Nov 28",,-0.08,covers_raw:injuries_raw.txt,Ankle
Nebraska,H. Burt,F,Questionable,"Sun, Nov 2",,-0.015,covers_raw:injuries_raw.txt,Undisclosed
New Mexico,M. Vicentic,F,Questionable,"Thu, Feb 5",,-0.015,covers_raw:injuries_raw.txt,Undisclosed
New Mexico,K. Patton Jr.,G,Questionable,"Thu, Dec 18",,-0.015,covers_raw:injuries_raw.txt,Undisclosed
New Mexico,K. Patton,G,Out,"Thu, Dec 18",,0.0,covers_raw:injuries_raw.txt,Redshirt
New Mexico,S. Jones,G,Out,"Thu, Dec 18",,-0.08,covers_raw:injuries_raw.txt,Undisclosed
New Mexico,C. Howell,G,Questionable,"Sun, Dec 14",,-0.015,covers_raw:injuries_raw.txt,Wrist
North Carolina,C. Wilson,F,Out,"Tue, Feb 10",,-0.08,covers_raw:injuries_raw.txt,Thumb
North Carolina,J. Brown,C,Out,"Mon, Jan 19",,-0.08,covers_raw:injuries_raw.txt,Foot
North Carolina,I. Matlekovic,C,Questionable,"Thu, Jan 15",,-0.015,covers_raw:injuries_raw.txt,Hand
North Texas,W. McClendon,G,Out,"Tue, Dec 30",,-0.08,covers_raw:injuries_raw.txt,Undisclosed
Northern Iowa,C. Courbat,F,Questionable,"Tue, Feb 24",,-0.015,covers_raw:injuries_raw.txt,Undisclosed
Northern Iowa,M. Dubravcic,F,Questionable,"Tue, Jan 6",,-0.015,covers_raw:injuries_raw.txt,Undisclosed
Northern Iowa,C. Courbat,G,Questionable,"Tue, Jan 6",,-0.015,covers_raw:injuries_raw.txt,Undisclosed
Northwestern,A. Page,F,Questionable,"Fri, Mar 6",,-0.015,covers_raw:injuries_raw.txt,Undisclosed
Notre Dame,K. Njie,F,Out,"Thu, Jan 15",,-0.08,covers_raw:injuries_raw.txt,Knee
Notre Dame,M. Burton,G,Out,"Thu, Dec 4",,-0.08,covers_raw:injuries_raw.txt,Ankle
Notre Dame,T. Ahneman,C,Out,"Wed, Oct 15",,-0.08,covers_raw:injuries_raw.txt,Knee
Ohio,E. Elliott,G,Out,"Thu, Feb 12",,-0.08,covers_raw:injuries_raw.txt,Undisclosed
Ohio St.,P. Johnson,G,Questionable,"Tue, Mar 3",,-0.015,covers_raw:injuries_raw.txt,Lower Leg
Ohio St.,B. Noel,F,Questionable,"Tue, Jan 6",,-0.015,covers_raw:injuries_raw.txt,Foot
Ohio St.,M. Herro,G,Out,"Thu, Nov 6",,0.0,covers_raw:injuries_raw.txt,Redshirt
Ohio St.,J. Ojianwuna,F,Questionable,"Mon, Oct 27",,-0.015,covers_raw:injuries_raw.txt,Knee
Oklahoma,D. Forsythe,G,Probable,"Mon, Mar 9",,0.0,covers_raw:injuries_raw.txt,Undisclosed
Oklahoma St.,A. Vukovic,F,Questionable,"Mon, Mar 9",,-0.015,covers_raw:injuries_raw.txt,Undisclosed
Oklahoma St.,P. Fallah,F,Out,"Mon, Feb 23",,-0.08,covers_raw:injuries_raw.txt,Knee
Oklahoma St.,R. Jennings II,F,Out,"Tue, Nov 18",,-0.08,covers_raw:injuries_raw.txt,Hip
Oregon,J. Frakes,G,Questionable,"Mon, Mar 9",,-0.015,covers_raw:injuries_raw.txt,Undisclosed
Oregon,D. Pryor,F,Questionable,"Wed, Jan 28",,-0.015,covers_raw:injuries_raw.txt,Groin
Oregon,E. Demir,C,Questionable,"Mon, Jan 19",,-0.015,covers_raw:injuries_raw.txt,Shoulder
Oregon,J. Shelstad,G,Out,"Thu, Jan 1",,-0.08,covers_raw:injuries_raw.txt,Hand
Oregon St.,M. Samar,G,Out,"Sat, Feb 21",,-0.08,covers_raw:injuries_raw.txt,Leg
Penn St.,T. Mirtic,F,Out,"Mon, Jan 5",,-0.08,covers_raw:injuries_raw.txt,Leg
Penn St.,R. Grodin,G,Out,"Fri, Nov 7",,0.0,covers_raw:injuries_raw.txt,Redshirt
Penn,D. Williams,G,Questionable,"Sun, Jan 4",,-0.015,covers_raw:injuries_raw.txt,Undisclosed
Penn,R. Altman,G,Questionable,"Sun, Jan 4",,-0.015,covers_raw:injuries_raw.txt,Undisclosed
Pittsburgh,B. Cummings,G,Out,"Sun, Feb 1",,-0.08,covers_raw:injuries_raw.txt,Ankle
Pittsburgh,P. Amadou Kante,F,Out,"Mon, Dec 1",,-0.08,covers_raw:injuries_raw.txt,Knee
Pittsburgh,D. Jackson,C,Out,"Wed, Nov 12",,-0.08,covers_raw:injuries_raw.txt,Undisclosed
Portland,C. Briggs,G,Questionable,"Wed, Mar 4",,-0.015,covers_raw:injuries_raw.txt,Knee
Portland,P. Lee,G,Out,"Wed, Mar 4",,-0.08,covers_raw:injuries_raw.txt,Shoulder
Portland,N. Long,G,Out,"Fri, Feb 27",,-0.08,covers_raw:injuries_raw.txt,Hand
Portland,R. Parker,G,Questionable,"Mon, Jan 5",,-0.015,covers_raw:injuries_raw.txt,Undisclosed
Portland,T. George,F,Out,"Mon, Jan 5",,-0.08,covers_raw:injuries_raw.txt,Shoulder
Princeton,J. Stanton,G,Out,"Thu, Feb 12",,-0.08,covers_raw:injuries_raw.txt,Foot
Providence,C. Floyd,G,Questionable,"Fri, Feb 13",,-0.015,covers_raw:injuries_raw.txt,Hamstring
Providence,D. Davis,G,Out,"Mon, Nov 17",,-0.08,covers_raw:injuries_raw.txt,Knee
Rhode Island,J. Aponte,G,Questionable,"Fri, Mar 6",,-0.015,covers_raw:injuries_raw.txt,Undisclosed
Rhode Island,J. Perry,F,Out,"Fri, Jan 9",,0.0,covers_raw:injuries_raw.txt,Redshirt
Rhode Island,M. Icke,C,Out,"Tue, Dec 30",,0.0,covers_raw:injuries_raw.txt,Redshirt
Rhode Island,M. Sow,F,Out,"Sun, Nov 23",,-0.08,covers_raw:injuries_raw.txt,Leg
Rice,A. Powell,G,Out,"Fri, Jan 23",,-0.08,covers_raw:injuries_raw.txt,Undisclosed
Rice,D. Hobbs,G,Questionable,"Sat, Jan 10",,-0.015,covers_raw:injuries_raw.txt,Undisclosed
Richmond,J. Beagle,F,Out,"Tue, Feb 17",,-0.08,covers_raw:injuries_raw.txt,Finger
Richmond,B. McGlothin,F,Questionable,"Fri, Jan 23",,-0.015,covers_raw:injuries_raw.txt,Undisclosed
Rutgers,B. Dortch,F,Questionable,"Wed, Mar 4",,-0.015,covers_raw:injuries_raw.txt,Undisclosed
Rutgers,G. Ware,C,Questionable,"Thu, Jan 22",,-0.015,covers_raw:injuries_raw.txt,Undisclosed
Rutgers,B. Fall,C,Out,"Fri, Jan 16",,-0.08,covers_raw:injuries_raw.txt,Hand
Rutgers,D. Jones,G,Out,"Tue, Nov 4",,0.0,covers_raw:injuries_raw.txt,Redshirt
St. Joseph's,W. Lange,G,Questionable,"Fri, Mar 6",,-0.015,covers_raw:injuries_raw.txt,Undisclosed
St. Joseph's,O. Verna,G,Questionable,"Tue, Feb 3",,-0.015,covers_raw:injuries_raw.txt,Undisclosed
St. Joseph's,S. Solano,C,Questionable,"Tue, Jan 6",,-0.015,covers_raw:injuries_raw.txt,Undisclosed
St. Louis,K. Anya,F,Out,"Wed, Oct 22",,0.0,covers_raw:injuries_raw.txt,Redshirt
St. Mary's CA,K. Gad,F,Out,"Sun, Dec 14",,-0.08,covers_raw:injuries_raw.txt,Shoulder
Sam Houston St.,P. King,G,Questionable,"Fri, Mar 6",,-0.015,covers_raw:injuries_raw.txt,Undisclosed
Sam Houston St.,J. Begg,G,Out,"Fri, Feb 6",,-0.08,covers_raw:injuries_raw.txt,Undisclosed
Sam Houston St.,J. Ford,F,Out,"Tue, Jan 20",,-0.08,covers_raw:injuries_raw.txt,Undisclosed
Sam Houston St.,I. Manning,F,Out,"Tue, Jan 13",,-0.08,covers_raw:injuries_raw.txt,Undisclosed
Sam Houston St.,C. Ndiaye,F,Out,"Sat, Dec 20",,-0.08,covers_raw:injuries_raw.txt,Arm
Sam Houston St.,N. Nguyen,G,Out,"Sat, Dec 20",,-0.08,covers_raw:injuries_raw.txt,Undisclosed
Sam Houston St.,N. Benny,G,Out,"Sat, Dec 20",,-0.08,covers_raw:injuries_raw.txt,Undisclosed
San Diego,D. Goodwin,F,Questionable,"Thu, Jan 1",,-0.015,covers_raw:injuries_raw.txt,Undisclosed
San Francisco,N. Newbury,F,Questionable,"Fri, Oct 31",,-0.015,covers_raw:injuries_raw.txt,Leg
San Jose St.,Y. Moundi,F,Questionable,"Fri, Feb 20",,-0.015,covers_raw:injuries_raw.txt,Undisclosed
San Jose St.,P. Goodarzi,G,Questionable,"Thu, Feb 19",,-0.015,covers_raw:injuries_raw.txt,Undisclosed
San Jose St.,B. Roseborough,G,Questionable,"Thu, Jan 15",,-0.015,covers_raw:injuries_raw.txt,Undisclosed
San Jose St.,J. Goodall,F,Questionable,"Mon, Jan 12",,-0.015,covers_raw:injuries_raw.txt,Undisclosed
San Jose St.,J. Hannah,G,Questionable,"Sun, Dec 28",,-0.015,covers_raw:injuries_raw.txt,Undisclosed
San Jose St.,C. Wise,F,Questionable,"Thu, Dec 18",,-0.015,covers_raw:injuries_raw.txt,Undisclosed
Seton Hall,G. Erheriene,C,Questionable,"Tue, Feb 17",,-0.015,covers_raw:injuries_raw.txt,Undisclosed
Seton Hall,P. Suemnick,F,Questionable,"Mon, Jan 19",,-0.015,covers_raw:injuries_raw.txt,Shoulder
Seton Hall,J. Felton,G,Out,"Sun, Nov 9",,-0.08,covers_raw:injuries_raw.txt,Knee
Siena,A. Chandler,F,Questionable,"Thu, Feb 26",,-0.015,covers_raw:injuries_raw.txt,Personal
Siena,T. Jones,F,Questionable,"Sat, Jan 3",,-0.015,covers_raw:injuries_raw.txt,Back
Siena,T. Goodrick,F,Out,"Thu, Jan 1",,-0.08,covers_raw:injuries_raw.txt,Knee
Siena,O. Schlager,G,Questionable,"Thu, Dec 4",,-0.015,covers_raw:injuries_raw.txt,Upper Body
Siena,R. Ducharme,G,Questionable,"Sun, Nov 2",,-0.015,covers_raw:injuries_raw.txt,Shoulder
SMU,B. Edwards,G,Questionable,"Wed, Feb 25",,-0.015,covers_raw:injuries_raw.txt,Ankle
South Alabama,P. Law,F,Out,"Mon, Dec 8",,-0.08,covers_raw:injuries_raw.txt,Knee
South Carolina,H. Assemian,F,Questionable,"Mon, Mar 9",,-0.015,covers_raw:injuries_raw.txt,Undisclosed
South Florida,D. Green,F,Out,"Sat, Jan 3",,-0.16,covers_raw:injuries_raw.txt,Achilles
South Florida,X. Brown,G,Out,"Sat, Jan 3",,-0.08,covers_raw:injuries_raw.txt,Undisclosed
St. Bonaventure,A. Marshall,G,Questionable,"Fri, Jan 9",,-0.015,covers_raw:injuries_raw.txt,Undisclosed
St. Bonaventure,X. Wedlow,F,Questionable,"Tue, Dec 30",,-0.015,covers_raw:injuries_raw.txt,Undisclosed
St. Bonaventure,I. Ermakov,G,Questionable,"Tue, Dec 30",,-0.015,covers_raw:injuries_raw.txt,Undisclosed
St John's,K. Odih,G,Questionable,"Fri, Feb 20",,-0.015,covers_raw:injuries_raw.txt,Leg
St John's,C. Pohto,G,Out,"Mon, Dec 8",,-0.08,covers_raw:injuries_raw.txt,Hip
St John's,I. Suljanovic,F,Out,"Thu, Oct 16",,-0.08,covers_raw:injuries_raw.txt,Knee
Stanford,A. Batson Jr.,G,Questionable,"Fri, Feb 20",,-0.015,covers_raw:injuries_raw.txt,Undisclosed
Stanford,C. Okpara,F,Out,"Mon, Jan 12",,-0.08,covers_raw:injuries_raw.txt,Lower Body
Stanford,K. Skrinda,F,Questionable,"Mon, Dec 29",,-0.015,covers_raw:injuries_raw.txt,Undisclosed
Stanford,T. Toure,F,Questionable,"Fri, Dec 26",,-0.015,covers_raw:injuries_raw.txt,Lower Body
Syracuse,K. Anthony,G,Questionable,"Thu, Mar 5",,-0.015,covers_raw:injuries_raw.txt,Undisclosed
Syracuse,A. Womack,G,Out,"Thu, Dec 4",,0.0,covers_raw:injuries_raw.txt,Redshirt
Temple,A. Smith,G,Out,"Fri, Dec 5",,-0.08,covers_raw:injuries_raw.txt,Shoulder
Tennessee,N. Ament,F,Questionable,"Thu, Mar 5",,-0.015,covers_raw:injuries_raw.txt,Leg
Tennessee,C. Phillips,F,Out,"Sun, Dec 7",,-0.08,covers_raw:injuries_raw.txt,Shoulder
Texas,L. Traore,F,Out,"Thu, Feb 12",,-0.08,covers_raw:injuries_raw.txt,Undisclosed
Texas A&M,N. Mundey,G,Out,"Thu, Jan 15",,0.0,covers_raw:injuries_raw.txt,Redshirt
Texas A&M,M. Mgbako,F,Out,"Sun, Dec 28",,-0.08,covers_raw:injuries_raw.txt,Foot
Texas,M. Diallo,C,Out,"Mon, Nov 3",,-0.08,covers_raw:injuries_raw.txt,Knee
Texas Tech,J. Toppin,F,Out,"Tue, Feb 17",,-0.08,covers_raw:injuries_raw.txt,Knee
Texas Tech,L. Hoover,F,Out,"Thu, Jan 1",,0.0,covers_raw:injuries_raw.txt,Redshirt
Texas,D. Tubek,F,Questionable,"Fri, Jan 9",,-0.015,covers_raw:injuries_raw.txt,Undisclosed
Texas,T. Watson,G,Out,"Fri, Jan 9",,-0.08,covers_raw:injuries_raw.txt,Undisclosed
Tulsa,T. Ford Jr.,G,Questionable,"Tue, Dec 30",,-0.015,covers_raw:injuries_raw.txt,Undisclosed
UAB,A. Robinson,G,Questionable,"Fri, Feb 13",,-0.015,covers_raw:injuries_raw.txt,Undisclosed
UAB,J. Das Chagas,C,Out,"Mon, Dec 15",,-0.08,covers_raw:injuries_raw.txt,Wrist
UC Santa Barbara,J. Fontenet II,G,Out,"Mon, Dec 15",,-0.08,covers_raw:injuries_raw.txt,Knee
UCLA,E. Manjikian,F,Questionable,"Fri, Jan 16",,-0.015,covers_raw:injuries_raw.txt,Undisclosed
UCLA,J. Keller,G,Out,"Sun, Dec 7",,-0.08,covers_raw:injuries_raw.txt,Foot
UCLA,S. Elkinton,F,Out,"Sun, Dec 7",,-0.08,covers_raw:injuries_raw.txt,Foot
UNC Wilmington,C. Luster II,G,Out,"Wed, Jan 21",,0.0,covers_raw:injuries_raw.txt,Redshirt
UNLV,L. Dembele,F,Out,"Wed, Nov 26",,-0.08,covers_raw:injuries_raw.txt,Foot
UNLV,M. Che,G,Out,"Wed, Oct 22",,-0.08,covers_raw:injuries_raw.txt,Foot
USC,A. Dickerson,G,Out,"Fri, Dec 5",,-0.08,covers_raw:injuries_raw.txt,Hip
USC,R. Rice,G,Out,"Mon, Nov 24",,-0.08,covers_raw:injuries_raw.txt,Shoulder
Utah,J. Patrick,G,Questionable,"Thu, Jan 1",,-0.015,covers_raw:injuries_raw.txt,Undisclosed
Utah,B. Faye,F,Out,"Sun, Sep 21",,-0.08,covers_raw:injuries_raw.txt,Leg
UTSA,M. Njie,C,Questionable,"Tue, Feb 10",,-0.015,covers_raw:injuries_raw.txt,Undisclosed
UTSA,A. Nunez,G,Questionable,"Tue, Feb 10",,-0.015,covers_raw:injuries_raw.txt,Undisclosed
UTSA,M. Rich,G,Out,"Wed, Jan 14",,-0.08,covers_raw:injuries_raw.txt,Groin
UTSA,P. Spencer,G,Out,"Tue, Dec 30",,-0.08,covers_raw:injuries_raw.txt,Undisclosed
UTSA,S. Borden,C,Questionable,"Tue, Dec 30",,-0.015,covers_raw:injuries_raw.txt,Hand
UTSA,V. Allette,G,Out,"Tue, Dec 30",,-0.08,covers_raw:injuries_raw.txt,Undisclosed
Valparaiso,M. Brown Jr.,G,Questionable,"Wed, Mar 4",,-0.015,covers_raw:injuries_raw.txt,Undisclosed
Valparaiso,N. Lombardi,G,Questionable,"Thu, Feb 5",,-0.015,covers_raw:injuries_raw.txt,Undisclosed
Valparaiso,J. Watson,F,Questionable,"Fri, Jan 16",,-0.015,covers_raw:injuries_raw.txt,Undisclosed
Vanderbilt,G. Kimble III,G,Out,"Wed, Jun 4",,-0.08,covers_raw:injuries_raw.txt,Knee
VCU,O. Okafor,F,Questionable,"Tue, Feb 10",,-0.015,covers_raw:injuries_raw.txt,Undisclosed
VCU,C. Fermin,F,Out,"Fri, Nov 21",,-0.08,covers_raw:injuries_raw.txt,Personal
Villanova,M. Hodge,F,Out,"Fri, Feb 27",,-0.08,covers_raw:injuries_raw.txt,Knee
Virginia Tech,A. Hansberry,F,Questionable,"Sun, Mar 8",,-0.015,covers_raw:injuries_raw.txt,Undisclosed
Virginia Tech,S. Jones,F,Out,"Mon, Feb 9",,-0.08,covers_raw:injuries_raw.txt,Foot
Virginia Tech,S. Peterkin,G,Questionable,"Mon, Feb 9",,-0.015,covers_raw:injuries_raw.txt,Undisclosed
Wake Forest,M. Marion,F,Questionable,"Thu, Feb 26",,-0.015,covers_raw:injuries_raw.txt,Chest
Washington,B. Tucker,F,Questionable,"Tue, Mar 3",,-0.015,covers_raw:injuries_raw.txt,Undisclosed
Washington,J. Ognacevic,F,Questionable,"Fri, Feb 27",,-0.015,covers_raw:injuries_raw.txt,Foot
Washington,F. Kepnang,C,Questionable,"Mon, Feb 23",,-0.015,covers_raw:injuries_raw.txt,Lower Body
Washington,J. Mandaquit,G,Out,"Tue, Feb 3",,-0.08,covers_raw:injuries_raw.txt,Undisclosed
Washington,D. Claude,G,Questionable,"Fri, Jan 16",,-0.015,covers_raw:injuries_raw.txt,Undisclosed
Washington,J. Rencher,F,Questionable,"Sat, Jan 10",,-0.015,covers_raw:injuries_raw.txt,Undisclosed
Washington,M. Traore,F,Out,"Wed, Oct 8",,-0.08,covers_raw:injuries_raw.txt,Foot
Washington St.,E. Ugbo,F,Out,"Fri, Jan 30",,-0.08,covers_raw:injuries_raw.txt,Suspension
Western Kentucky,B. Selebangue,F,Out,"Fri, Jan 9",,-0.08,covers_raw:injuries_raw.txt,Undisclosed
Western Kentucky,L. Rice,G,Out,"Fri, Jan 9",,-0.08,covers_raw:injuries_raw.txt,Undisclosed
Western Kentucky,L. Semona,F,Questionable,"Thu, Jan 1",,-0.015,covers_raw:injuries_raw.txt,Undisclosed
Wichita St.,J. Valencia,F,Out,"Tue, Dec 30",,-0.16,covers_raw:injuries_raw.txt,Achilles
Wichita St.,T. Rathan-Mayes,G,Out,"Tue, Dec 30",,-0.08,covers_raw:injuries_raw.txt,Undisclosed
Wichita St.,P. Couisnard,G,Out,"Tue, Dec 30",,-0.08,covers_raw:injuries_raw.txt,Undisclosed
Wichita St.,J. Ighovodja,G,Questionable,"Fri, Nov 21",,-0.015,covers_raw:injuries_raw.txt,Foot
Winthrop,L. Duncomb,C,Probable,"Wed, Feb 25",,0.0,covers_raw:injuries_raw.txt,Foot
Wisconsin,N. Winter,F,Questionable,"Wed, Mar 4",,-0.015,covers_raw:injuries_raw.txt,Lower Body
Wisconsin,J. Janicki,G,Questionable,"Tue, Feb 24",,-0.015,covers_raw:injuries_raw.txt,Wrist
Wyoming,N. Summers,F,Questionable,"Sun, Mar 1",,-0.015,covers_raw:injuries_raw.txt,Undisclosed
Wyoming,M. Belic,F,Questionable,"Thu, Jan 1",,-0.015,covers_raw:injuries_raw.txt,Ankle
Wyoming,J. Harris,G,Questionable,"Thu, Jan 1",,-0.015,covers_raw:injuries_raw.txt,Toe
Xavier,T. Carroll,F,Questionable,"Wed, Mar 4",,-0.015,covers_raw:injuries_raw.txt,Undisclosed
Xavier,M. Wolf,G,Questionable,"Fri, Jan 30",,-0.015,covers_raw:injuries_raw.txt,Undisclosed
Xavier,L. Naser,G,Questionable,"Tue, Dec 30",,-0.015,covers_raw:injuries_raw.txt,Undisclosed
Xavier,K. Westphal,C,Out,"Wed, Nov 5",,0.0,covers_raw:injuries_raw.txt,Redshirt
Xavier,G. Pozzato,F,Questionable,"Wed, Oct 29",,-0.015,covers_raw:injuries_raw.txt,Knee
